Dates,PX_LAST
01-01-2008,25.26
02-01-2008,25.1
03-01-2008,26.72
04-01-2008,26.65
07-01-2008,27.8
08-01-2008,28.06
09-01-2008,27.8
10-01-2008,28.97
11-01-2008,28.01
14-01-2008,27.24
15-01-2008,31.17
16-01-2008,31.44
17-01-2008,31.71
18-01-2008,32.19
21-01-2008,37.02
22-01-2008,47.59
23-01-2008,47.23
24-01-2008,48.81
25-01-2008,48.53
28-01-2008,54.41
29-01-2008,52.7
30-01-2008,53.08
31-01-2008,48.81
01-02-2008,43.18
04-02-2008,45.88
05-02-2008,43.39
06-02-2008,42.63
07-02-2008,43.39
08-02-2008,45.16
11-02-2008,48.63
12-02-2008,46.05
13-02-2008,40.04
14-02-2008,36.75
15-02-2008,38.85
18-02-2008,38.12
19-02-2008,46.92
20-02-2008,37.57
21-02-2008,37.9
22-02-2008,38.42
25-02-2008,37.74
26-02-2008,37.36
27-02-2008,37.15
28-02-2008,38.67
29-02-2008,38.08
03-03-2008,35.76
04-03-2008,38.08
05-03-2008,35.51
06-03-2008,35.51
07-03-2008,35.2
10-03-2008,32.58
11-03-2008,32.69
12-03-2008,32.36
13-03-2008,34.15
14-03-2008,31.11
17-03-2008,33.43
18-03-2008,37.84
19-03-2008,35.49
20-03-2008,35.49
21-03-2008,35.49
24-03-2008,35.21
25-03-2008,33.3
26-03-2008,37.18
27-03-2008,37.28
28-03-2008,33.07
31-03-2008,35.14
01-04-2008,35.1
02-04-2008,33.62
03-04-2008,36.68
04-04-2008,36.93
07-04-2008,30.99
08-04-2008,31.4
09-04-2008,38.24
10-04-2008,30.52
11-04-2008,30.52
14-04-2008,30.52
15-04-2008,30.23
16-04-2008,27.94
17-04-2008,27.1
18-04-2008,27.1
21-04-2008,30.28
22-04-2008,39.62
23-04-2008,32.37
24-04-2008,28.73
25-04-2008,27.4
28-04-2008,27.62
29-04-2008,26.16
30-04-2008,25.16
01-05-2008,25.16
02-05-2008,25.16
05-05-2008,25.07
06-05-2008,24.91
07-05-2008,25.06
08-05-2008,31.4
09-05-2008,27.53
12-05-2008,31.5
13-05-2008,33.43
14-05-2008,29.22
15-05-2008,29.02
16-05-2008,23.25
19-05-2008,23.25
20-05-2008,24.99
21-05-2008,27.86
22-05-2008,34.86
23-05-2008,34.03
26-05-2008,33.01
27-05-2008,28.59
28-05-2008,32.63
29-05-2008,28.08
30-05-2008,26.68
02-06-2008,29.49
03-06-2008,28.49
04-06-2008,29.82
05-06-2008,30.32
06-06-2008,26.46
09-06-2008,32.43
10-06-2008,30.23
11-06-2008,29.64
12-06-2008,29.23
13-06-2008,30.7
16-06-2008,29.02
17-06-2008,28.96
18-06-2008,31.82
19-06-2008,32.32
20-06-2008,28.19
23-06-2008,31.12
24-06-2008,34.05
25-06-2008,36.46
26-06-2008,32.85
27-06-2008,32.2
30-06-2008,30.96
01-07-2008,31.42
02-07-2008,35.38
03-07-2008,36.26
04-07-2008,35.67
07-07-2008,37.29
08-07-2008,36.04
09-07-2008,34.27
10-07-2008,32.17
11-07-2008,33.01
14-07-2008,31.51
15-07-2008,49.77
16-07-2008,31.1
17-07-2008,35.34
18-07-2008,36.25
21-07-2008,40.4
22-07-2008,35.55
23-07-2008,37.77
24-07-2008,40.29
25-07-2008,42.49
28-07-2008,54.06
29-07-2008,61.73
30-07-2008,51.72
31-07-2008,39.06
01-08-2008,38.49
04-08-2008,40.24
05-08-2008,35.66
06-08-2008,34.92
07-08-2008,35.67
08-08-2008,35.14
11-08-2008,31.37
12-08-2008,33.89
13-08-2008,34.76
14-08-2008,35.24
15-08-2008,35.24
18-08-2008,36.54
19-08-2008,34.92
20-08-2008,33.95
21-08-2008,36.55
22-08-2008,35.76
25-08-2008,45.11
26-08-2008,33.9
27-08-2008,32.8
28-08-2008,33.31
29-08-2008,31.67
01-09-2008,31.28
02-09-2008,30.45
03-09-2008,30.45
04-09-2008,31.23
05-09-2008,32.65
08-09-2008,30.77
09-09-2008,30.36
10-09-2008,32.12
11-09-2008,32.73
12-09-2008,30.43
15-09-2008,33.12
16-09-2008,34.9
17-09-2008,33.99
18-09-2008,39.56
19-09-2008,39.12
22-09-2008,37.97
23-09-2008,38.74
24-09-2008,35.61
25-09-2008,34.091
26-09-2008,33.96
29-09-2008,34.9
30-09-2008,37.19
01-10-2008,35.54
02-10-2008,35.54
03-10-2008,35.1
06-10-2008,33.75
07-10-2008,39.3
08-10-2008,39.33
09-10-2008,39.33
10-10-2008,44.7
13-10-2008,46.49
14-10-2008,44.71
15-10-2008,46.07
16-10-2008,47.81
17-10-2008,46.72
20-10-2008,57.13
21-10-2008,56
22-10-2008,54.75
23-10-2008,54.97
24-10-2008,45.5
27-10-2008,67.5
28-10-2008,70.25
29-10-2008,68.35
30-10-2008,68.35
31-10-2008,69.32
03-11-2008,67.84
04-11-2008,62.15
05-11-2008,66.75
06-11-2008,69.26
07-11-2008,67.22
10-11-2008,63.76
11-11-2008,66.99
12-11-2008,70.62
13-11-2008,70.62
14-11-2008,70.08
17-11-2008,85.13
18-11-2008,64.66
19-11-2008,60.84
20-11-2008,65.55
21-11-2008,64.46
24-11-2008,62.81
25-11-2008,59.56
26-11-2008,56.21
27-11-2008,56.21
28-11-2008,57.44
01-12-2008,55.26
02-12-2008,54.3
03-12-2008,54.66
04-12-2008,51.84
05-12-2008,52.05
08-12-2008,50.28
09-12-2008,50.28
10-12-2008,50.36
11-12-2008,51.75
12-12-2008,49.23
15-12-2008,48.1
16-12-2008,44.91
17-12-2008,49.97
18-12-2008,45.49
19-12-2008,38.49
22-12-2008,41.46
23-12-2008,45.7
24-12-2008,41.79
25-12-2008,41.79
26-12-2008,45.16
29-12-2008,43.89
30-12-2008,42.51
31-12-2008,43.09
01-01-2009,41.34
02-01-2009,40.67
05-01-2009,38.6
06-01-2009,38.73
07-01-2009,44.36
08-01-2009,44.36
09-01-2009,47.82
12-01-2009,48.57
13-01-2009,53.47
14-01-2009,44.26
15-01-2009,45.17
16-01-2009,44.3
19-01-2009,44.46
20-01-2009,45
21-01-2009,45.41
22-01-2009,45.55
23-01-2009,34.01
26-01-2009,34.01
27-01-2009,42.86
28-01-2009,40.76
29-01-2009,43.11
30-01-2009,42.1
02-02-2009,43.69
03-02-2009,49.24
04-02-2009,44.39
05-02-2009,43.92
06-02-2009,50.65
09-02-2009,44.58
10-02-2009,44.3
11-02-2009,46.65
12-02-2009,45.65
13-02-2009,43.31
16-02-2009,42.56
17-02-2009,44
18-02-2009,43.04
19-02-2009,42.91
20-02-2009,45.21
23-02-2009,45.21
24-02-2009,45.2
25-02-2009,45.2
26-02-2009,39.87
27-02-2009,40.61
02-03-2009,43.17
03-03-2009,43.89
04-03-2009,42.52
05-03-2009,41.49
06-03-2009,38.16
09-03-2009,40.87
10-03-2009,40.87
11-03-2009,40.87
12-03-2009,39.27
13-03-2009,35.56
16-03-2009,36.7
17-03-2009,38.43
18-03-2009,38.15
19-03-2009,37.74
20-03-2009,37
23-03-2009,38.59
24-03-2009,38.02
25-03-2009,37.41
26-03-2009,37.23
27-03-2009,37.58
30-03-2009,40.09
31-03-2009,39.49
01-04-2009,36.44
02-04-2009,37.37
03-04-2009,37.37
06-04-2009,41.02
07-04-2009,41.02
08-04-2009,43.29
09-04-2009,43.21
10-04-2009,43.21
13-04-2009,46.57
14-04-2009,46.57
15-04-2009,47.59
16-04-2009,50.1
17-04-2009,50.65
20-04-2009,54.41
21-04-2009,53.27
22-04-2009,53.59
23-04-2009,49.23
24-04-2009,47.12
27-04-2009,49.11
28-04-2009,48.74
29-04-2009,45.87
30-04-2009,45.87
01-05-2009,45.87
04-05-2009,50.51
05-05-2009,51.14
06-05-2009,52.04
07-05-2009,51.08
08-05-2009,50.94
11-05-2009,54.76
12-05-2009,52.2
13-05-2009,52.97
14-05-2009,52.32
15-05-2009,52.01
18-05-2009,52.01
19-05-2009,56.07
20-05-2009,49.51
21-05-2009,43.31
22-05-2009,41.97
25-05-2009,39.38
26-05-2009,43.87
27-05-2009,39.74
28-05-2009,37.78
29-05-2009,40.57
01-06-2009,41.02
02-06-2009,40.17
03-06-2009,39.42
04-06-2009,40.2
05-06-2009,40
08-06-2009,42.06
09-06-2009,39.84
10-06-2009,39.44
11-06-2009,40.86
12-06-2009,40.19
15-06-2009,41.13
16-06-2009,41.44
17-06-2009,44.89
18-06-2009,44.95
19-06-2009,42.47
22-06-2009,44.17
23-06-2009,44.17
24-06-2009,44.17
25-06-2009,43.63
26-06-2009,38.3
29-06-2009,40.51
30-06-2009,42.52
01-07-2009,43.07
02-07-2009,43.8
03-07-2009,46.55
06-07-2009,39.7
07-07-2009,36.22
08-07-2009,37.27
09-07-2009,35.96
10-07-2009,35.03
13-07-2009,36.5
14-07-2009,34.67
15-07-2009,36.12
16-07-2009,37.58
17-07-2009,35.95
20-07-2009,36.97
21-07-2009,36.56
22-07-2009,37.13
23-07-2009,36.31
24-07-2009,36.59
27-07-2009,37.43
28-07-2009,35.95
29-07-2009,37.55
30-07-2009,36.6
31-07-2009,36.14
03-08-2009,37.38
04-08-2009,37.1
05-08-2009,37.04
06-08-2009,38
07-08-2009,37.74
10-08-2009,39.14
11-08-2009,39.04
12-08-2009,38.89
13-08-2009,35.95
14-08-2009,36.74
17-08-2009,41.28
18-08-2009,38.74
19-08-2009,39.55
20-08-2009,37.65
21-08-2009,36.07
24-08-2009,35.51
25-08-2009,35.18
26-08-2009,34.35
27-08-2009,33.6
28-08-2009,33.5
31-08-2009,34.22
01-09-2009,34.79
02-09-2009,34.73
03-09-2009,33.82
04-09-2009,32.39
07-09-2009,32.05
08-09-2009,31.78
09-09-2009,31.41
10-09-2009,31.36
11-09-2009,30.58
14-09-2009,31.55
15-09-2009,30.12
16-09-2009,28.29
17-09-2009,27.89
18-09-2009,26.99
21-09-2009,26.99
22-09-2009,26.87
23-09-2009,26.47
24-09-2009,24.31
25-09-2009,25.69
28-09-2009,25.69
29-09-2009,26.17
30-09-2009,25.29
01-10-2009,25.24
02-10-2009,25.24
05-10-2009,28.68
06-10-2009,27.73
07-10-2009,30.53
08-10-2009,29.9
09-10-2009,30.24
12-10-2009,28.1
13-10-2009,28.1
14-10-2009,26.37
15-10-2009,26.64
16-10-2009,25.94
19-10-2009,26.29
20-10-2009,26.67
21-10-2009,26.77
22-10-2009,26.51
23-10-2009,25.22
26-10-2009,26.04
27-10-2009,28.07
28-10-2009,28.49
29-10-2009,28.31
30-10-2009,28.81
02-11-2009,28.81
03-11-2009,32.04
04-11-2009,30.04
05-11-2009,30.03
06-11-2009,29.21
09-11-2009,29.52
10-11-2009,30.15
11-11-2009,30.84
12-11-2009,29.61
13-11-2009,29.65
16-11-2009,28.04
17-11-2009,26.75
18-11-2009,26.29
19-11-2009,27.48
20-11-2009,28.61
23-11-2009,26.28
24-11-2009,25.45
25-11-2009,24.66
26-11-2009,28.12
27-11-2009,30.13
30-11-2009,27.4
01-12-2009,26.27
02-12-2009,25.64
03-12-2009,25.59
04-12-2009,25.61
07-12-2009,26.95
08-12-2009,26.23
09-12-2009,27.36
10-12-2009,27.03
11-12-2009,26.76
14-12-2009,27.82
15-12-2009,28.59
16-12-2009,27.36
17-12-2009,27.23
18-12-2009,26.59
21-12-2009,25.95
22-12-2009,24.69
23-12-2009,24.49
24-12-2009,22.94
25-12-2009,22.94
28-12-2009,22.94
29-12-2009,24.33
30-12-2009,24.58
31-12-2009,23.35
01-01-2010,23.35
04-01-2010,23.73
05-01-2010,22.21
06-01-2010,22.1
07-01-2010,22.29
08-01-2010,22.41
11-01-2010,22.45
12-01-2010,22.96
13-01-2010,21.96
14-01-2010,20.89
15-01-2010,21.06
18-01-2010,21.64
19-01-2010,22.01
20-01-2010,22.25
21-01-2010,24.17
22-01-2010,25.4
25-01-2010,25.81
26-01-2010,25.81
27-01-2010,29.2
28-01-2010,26.93
29-01-2010,26.65
01-02-2010,26.17
02-02-2010,26.05
03-02-2010,26.23
04-02-2010,26.56
05-02-2010,29.96
08-02-2010,31.33
09-02-2010,29.91
10-02-2010,30.61
11-02-2010,29.14
12-02-2010,29.14
15-02-2010,29.67
16-02-2010,28.92
17-02-2010,27.75
18-02-2010,28.42
19-02-2010,30.45
22-02-2010,31.8
23-02-2010,31.09
24-02-2010,30.55
25-02-2010,29.71
26-02-2010,25.24
01-03-2010,25.24
02-03-2010,22.82
03-03-2010,21.3
04-03-2010,21.24
05-03-2010,21
08-03-2010,20.82
09-03-2010,20.96
10-03-2010,20.25
11-03-2010,20.53
12-03-2010,19.82
15-03-2010,20.43
16-03-2010,20.17
17-03-2010,19.04
18-03-2010,19.26
19-03-2010,18.94
22-03-2010,20.21
23-03-2010,18.42
24-03-2010,18.42
25-03-2010,17.84
26-03-2010,18.23
29-03-2010,19.48
30-03-2010,19.9
31-03-2010,19.83
01-04-2010,18.09
02-04-2010,18.09
05-04-2010,17.5
06-04-2010,17.3
07-04-2010,17.5
08-04-2010,19.58
09-04-2010,18.6
12-04-2010,19.97
13-04-2010,20.1
14-04-2010,20.1
15-04-2010,21.43
16-04-2010,21.63
19-04-2010,22.72
20-04-2010,20.82
21-04-2010,19.78
22-04-2010,20.53
23-04-2010,20.35
26-04-2010,19.82
27-04-2010,19.82
28-04-2010,22.73
29-04-2010,21.09
30-04-2010,20.29
03-05-2010,22.11
04-05-2010,23.7
05-05-2010,24.85
06-05-2010,24.23
07-05-2010,27.31
10-05-2010,25.62
11-05-2010,25.59
12-05-2010,25.69
13-05-2010,24.54
14-05-2010,26.18
17-05-2010,26.93
18-05-2010,26.43
19-05-2010,29.99
20-05-2010,30.04
21-05-2010,31.27
24-05-2010,30.84
25-05-2010,34.37
26-05-2010,32.29
27-05-2010,29.62
28-05-2010,26.22
31-05-2010,26.43
01-06-2010,28.6
02-06-2010,28.06
03-06-2010,25.4
04-06-2010,25.02
07-06-2010,28.27
08-06-2010,28.79
09-06-2010,28.09
10-06-2010,26.73
11-06-2010,25.06
14-06-2010,23.23
15-06-2010,21.95
16-06-2010,22.22
17-06-2010,21.66
18-06-2010,20.52
21-06-2010,19.91
22-06-2010,20.58
23-06-2010,20.3
24-06-2010,19.81
25-06-2010,20.19
28-06-2010,19.71
29-06-2010,20.68
30-06-2010,21.11
01-07-2010,21.74
02-07-2010,21.89
05-07-2010,21.98
06-07-2010,20.9
07-07-2010,22.11
08-07-2010,21.15
09-07-2010,20.22
12-07-2010,19.9
13-07-2010,19.12
14-07-2010,20.07
15-07-2010,20.11
16-07-2010,19.7
19-07-2010,20.71
20-07-2010,20.38
21-07-2010,20
22-07-2010,18.9
23-07-2010,19.24
26-07-2010,19.97
27-07-2010,19.22
28-07-2010,19.52
29-07-2010,18.33
30-07-2010,18.94
02-08-2010,17.99
03-08-2010,17.55
04-08-2010,17.04
05-08-2010,17.71
06-08-2010,17.37
09-08-2010,17
10-08-2010,17.33
11-08-2010,18.11
12-08-2010,18
13-08-2010,16.74
16-08-2010,18.11
17-08-2010,17.63
18-08-2010,16.4
19-08-2010,16.53
20-08-2010,16.7
23-08-2010,17.14
24-08-2010,16.99
25-08-2010,18.92
26-08-2010,17.09
27-08-2010,19.63
30-08-2010,18.36
31-08-2010,18.47
01-09-2010,16.7
02-09-2010,16.15
03-09-2010,15.86
06-09-2010,15.22
07-09-2010,15.83
08-09-2010,15.97
09-09-2010,15.92
10-09-2010,15.92
13-09-2010,18.14
14-09-2010,18.6
15-09-2010,19.43
16-09-2010,18.85
17-09-2010,19.49
20-09-2010,21.95
21-09-2010,22.63
22-09-2010,24.29
23-09-2010,23.9
24-09-2010,21.71
27-09-2010,22.36
28-09-2010,21.21
29-09-2010,22.16
30-09-2010,22.25
01-10-2010,21.43
04-10-2010,22.8
05-10-2010,22.17
06-10-2010,21.73
07-10-2010,22.45
08-10-2010,21.4
11-10-2010,21.2
12-10-2010,20.51
13-10-2010,20.02
14-10-2010,20.6
15-10-2010,22.65
18-10-2010,22.35
19-10-2010,23.23
20-10-2010,23.8
21-10-2010,22.19
22-10-2010,21.61
25-10-2010,21.36
26-10-2010,20.55
27-10-2010,21.02
28-10-2010,20.52
29-10-2010,20.76
01-11-2010,20.92
02-11-2010,21.25
03-11-2010,21.53
04-11-2010,19.36
05-11-2010,19.22
08-11-2010,19.61
09-11-2010,18.75
10-11-2010,19.08
11-11-2010,19.36
12-11-2010,21.63
15-11-2010,20.25
16-11-2010,21.13
17-11-2010,21.13
18-11-2010,20.62
19-11-2010,21.6
22-11-2010,19.93
23-11-2010,23.26
24-11-2010,24.68
25-11-2010,21.63
26-11-2010,22.58
29-11-2010,21.31
30-11-2010,20.71
01-12-2010,19.2
02-12-2010,18.8
03-12-2010,18.6
06-12-2010,19.37
07-12-2010,19.24
08-12-2010,20.43
09-12-2010,22.6
10-12-2010,21.63
13-12-2010,22.57
14-12-2010,21.46
15-12-2010,21.42
16-12-2010,20.24
17-12-2010,20.24
20-12-2010,20.78
21-12-2010,19.77
22-12-2010,19.56
23-12-2010,19.03
24-12-2010,17.65
27-12-2010,18.45
28-12-2010,18.13
29-12-2010,17.13
30-12-2010,17.02
31-12-2010,16.56
03-01-2011,16.99
04-01-2011,17.03
05-01-2011,17.88
06-01-2011,18.2
07-01-2011,20.82
10-01-2011,23.16
11-01-2011,22.33
12-01-2011,21.41
13-01-2011,23.15
14-01-2011,23.81
17-01-2011,23.57
18-01-2011,21.46
19-01-2011,21.09
20-01-2011,21.01
21-01-2011,21.03
24-01-2011,20.17
25-01-2011,20.78
26-01-2011,20.78
27-01-2011,22.09
28-01-2011,22.58
31-01-2011,23.41
01-02-2011,23.73
02-02-2011,23.52
03-02-2011,22.69
04-02-2011,24.41
07-02-2011,24.69
08-02-2011,24.74
09-02-2011,25.24
10-02-2011,24.82
11-02-2011,23.47
14-02-2011,22.58
15-02-2011,22.85
16-02-2011,23.05
17-02-2011,22.57
18-02-2011,24.18
21-02-2011,24.91
22-02-2011,26.85
23-02-2011,26.55
24-02-2011,28.2
25-02-2011,27.27
28-02-2011,24.4
01-03-2011,22.22
02-03-2011,22.22
03-03-2011,22.96
04-03-2011,22.91
07-03-2011,25.22
08-03-2011,23.67
09-03-2011,23.28
10-03-2011,23.53
11-03-2011,24.13
14-03-2011,23.3
15-03-2011,26.63
16-03-2011,24.89
17-03-2011,25.26
18-03-2011,25.89
21-03-2011,25.21
22-03-2011,22.26
23-03-2011,20.97
24-03-2011,19.84
25-03-2011,20.47
28-03-2011,21.02
29-03-2011,21.22
30-03-2011,22.04
31-03-2011,22.18
01-04-2011,20.11
04-04-2011,20.06
05-04-2011,19.9
06-04-2011,20.36
07-04-2011,20.32
08-04-2011,20.54
11-04-2011,21.24
12-04-2011,21.24
13-04-2011,20.41
14-04-2011,20.41
15-04-2011,21.59
18-04-2011,22.45
19-04-2011,22.07
20-04-2011,20.99
21-04-2011,20.51
22-04-2011,20.51
25-04-2011,20.91
26-04-2011,21.71
27-04-2011,21.35
28-04-2011,20.92
29-04-2011,19.58
02-05-2011,20.88
03-05-2011,21.58
04-05-2011,21.18
05-05-2011,21.6
06-05-2011,20.97
09-05-2011,21.5
10-05-2011,21.74
11-05-2011,21.24
12-05-2011,21.23
13-05-2011,20.63
16-05-2011,21.46
17-05-2011,21.03
18-05-2011,20.71
19-05-2011,20.41
20-05-2011,19.45
23-05-2011,21.04
24-05-2011,19.93
25-05-2011,20.66
26-05-2011,19.18
27-05-2011,17.25
30-05-2011,17.87
31-05-2011,16.82
01-06-2011,16.73
02-06-2011,17.98
03-06-2011,17.61
06-06-2011,18.21
07-06-2011,18.03
08-06-2011,18.58
09-06-2011,18.58
10-06-2011,18.54
13-06-2011,18.91
14-06-2011,18.51
15-06-2011,19.14
16-06-2011,19.66
17-06-2011,20.27
20-06-2011,22.18
21-06-2011,21.31
22-06-2011,20.89
23-06-2011,19.5
24-06-2011,19.32
27-06-2011,19.99
28-06-2011,19.49
29-06-2011,19.46
30-06-2011,18.41
01-07-2011,18.21
04-07-2011,18.17
05-07-2011,18.25
06-07-2011,18.34
07-07-2011,18.62
08-07-2011,18.67
11-07-2011,19.69
12-07-2011,20.83
13-07-2011,19.52
14-07-2011,19.97
15-07-2011,19.95
18-07-2011,20.2
19-07-2011,19.25
20-07-2011,19.11
21-07-2011,18.75
22-07-2011,17.91
25-07-2011,19.2
26-07-2011,19.3
27-07-2011,18.25
28-07-2011,18.51
29-07-2011,19.77
01-08-2011,18.78
02-08-2011,19.15
03-08-2011,19.48
04-08-2011,20.22
05-08-2011,24.9
08-08-2011,28.78
09-08-2011,34.88
10-08-2011,28.95
11-08-2011,29.09
12-08-2011,27.02
15-08-2011,27.02
16-08-2011,26.46
17-08-2011,25.48
18-08-2011,27.45
19-08-2011,29.19
22-08-2011,27.08
23-08-2011,25.92
24-08-2011,28.6
25-08-2011,27.94
26-08-2011,33.26
29-08-2011,26.07
30-08-2011,24.88
31-08-2011,24.88
01-09-2011,24.88
02-09-2011,26.09
05-09-2011,27.83
06-09-2011,28.66
07-09-2011,27.86
08-09-2011,27.64
09-09-2011,28.15
12-09-2011,32.75
13-09-2011,32.77
14-09-2011,32.45
15-09-2011,30.79
16-09-2011,28.45
19-09-2011,29.6
20-09-2011,27.25
21-09-2011,27.67
22-09-2011,33.88
23-09-2011,35.16
26-09-2011,35.43
27-09-2011,32.01
28-09-2011,32
29-09-2011,31.07
30-09-2011,31.94
03-10-2011,35.07
04-10-2011,37.19
05-10-2011,35.37
06-10-2011,35.37
07-10-2011,33.02
10-10-2011,30.03
11-10-2011,30.3
12-10-2011,28.41
13-10-2011,28.24
14-10-2011,25.98
17-10-2011,25.43
18-10-2011,25.9
19-10-2011,24.05
20-10-2011,25.6
21-10-2011,26.3
24-10-2011,25.22
25-10-2011,22.31
26-10-2011,22.69
27-10-2011,22.69
28-10-2011,20.89
31-10-2011,22.66
01-11-2011,24.02
02-11-2011,24.89
03-11-2011,24.66
04-11-2011,23.43
07-11-2011,23.43
08-11-2011,23.71
09-11-2011,24.3
10-11-2011,24.3
11-11-2011,24.74
14-11-2011,25.29
15-11-2011,25.97
16-11-2011,25.04
17-11-2011,26.92
18-11-2011,26.58
21-11-2011,28.61
22-11-2011,27.35
23-11-2011,30.68
24-11-2011,27.95
25-11-2011,29.12
28-11-2011,26.64
29-11-2011,26.87
30-11-2011,26.55
01-12-2011,25.02
02-12-2011,23.99
05-12-2011,25.02
06-12-2011,25.02
07-12-2011,26.46
08-12-2011,28.58
09-12-2011,29.53
12-12-2011,29.27
13-12-2011,28.11
14-12-2011,28.79
15-12-2011,28.81
16-12-2011,29.69
19-12-2011,30.58
20-12-2011,30.53
21-12-2011,27.53
22-12-2011,26.84
23-12-2011,27.39
26-12-2011,26.6
27-12-2011,26.29
28-12-2011,26.74
29-12-2011,26.62
30-12-2011,27.11
02-01-2012,27.53
03-01-2012,26.16
04-01-2012,26.41
05-01-2012,25.91
06-01-2012,25.46
09-01-2012,25.68
10-01-2012,24
11-01-2012,24.54
12-01-2012,24.03
13-01-2012,23.48
16-01-2012,24.07
17-01-2012,22.61
18-01-2012,22.68
19-01-2012,21.68
20-01-2012,21.96
23-01-2012,22.14
24-01-2012,21.42
25-01-2012,21.02
26-01-2012,21.02
27-01-2012,21.7
30-01-2012,23.46
31-01-2012,22.66
01-02-2012,22.89
02-02-2012,23.69
03-02-2012,24.09
06-02-2012,24.62
07-02-2012,24.91
08-02-2012,24.27
09-02-2012,23.3
10-02-2012,23.83
13-02-2012,23.71
14-02-2012,22.71
15-02-2012,22.1
16-02-2012,23.33
17-02-2012,24.18
20-02-2012,24.18
21-02-2012,26.25
22-02-2012,26.8
23-02-2012,24.33
24-02-2012,24.82
27-02-2012,27.38
28-02-2012,25.85
29-02-2012,26.93
01-03-2012,27.67
02-03-2012,27.84
05-03-2012,28.92
06-03-2012,27.34
07-03-2012,26.33
08-03-2012,26.33
09-03-2012,25.47
12-03-2012,26.27
13-03-2012,24.75
14-03-2012,24.72
15-03-2012,25.42
16-03-2012,23.13
19-03-2012,22.97
20-03-2012,21.94
21-03-2012,21
22-03-2012,24.77
23-03-2012,23.34
26-03-2012,26.74
27-03-2012,25.05
28-03-2012,24.87
29-03-2012,24.33
30-03-2012,22.38
02-04-2012,20.88
03-04-2012,20.01
04-04-2012,20.63
05-04-2012,20.63
06-04-2012,20.63
09-04-2012,22.33
10-04-2012,21.92
11-04-2012,22.29
12-04-2012,21.78
13-04-2012,22.75
16-04-2012,22.23
17-04-2012,20.31
18-04-2012,20.03
19-04-2012,19.35
20-04-2012,20.09
23-04-2012,21.57
24-04-2012,19.25
25-04-2012,18.94
26-04-2012,18.74
27-04-2012,17.89
30-04-2012,17.82
01-05-2012,17.82
02-05-2012,18.54
03-05-2012,19.25
04-05-2012,21.12
07-05-2012,20.22
08-05-2012,22.16
09-05-2012,23.04
10-05-2012,22.72
11-05-2012,22.48
14-05-2012,23.26
15-05-2012,22.28
16-05-2012,23.71
17-05-2012,23.59
18-05-2012,23.55
21-05-2012,23.92
22-05-2012,24.39
23-05-2012,27.13
24-05-2012,25.49
25-05-2012,25.14
28-05-2012,23.68
29-05-2012,24.03
30-05-2012,25.3
31-05-2012,25.25
01-06-2012,26.77
04-06-2012,25.6
05-06-2012,26.26
06-06-2012,24.9
07-06-2012,23.64
08-06-2012,23.47
11-06-2012,25.02
12-06-2012,24.2
13-06-2012,24.36
14-06-2012,25.71
15-06-2012,25.54
18-06-2012,22.6
19-06-2012,21.43
20-06-2012,21.03
21-06-2012,19.94
22-06-2012,20.58
25-06-2012,21.57
26-06-2012,20.23
27-06-2012,20.37
28-06-2012,20.62
29-06-2012,19.08
02-07-2012,19.01
03-07-2012,18.56
04-07-2012,18.27
05-07-2012,18.35
06-07-2012,18.04
09-07-2012,18.72
10-07-2012,17.83
11-07-2012,18.39
12-07-2012,18.71
13-07-2012,18.26
16-07-2012,18.77
17-07-2012,17.78
18-07-2012,17.44
19-07-2012,16.38
20-07-2012,16.89
23-07-2012,18.66
24-07-2012,16.97
25-07-2012,16.75
26-07-2012,16.37
27-07-2012,16.44
30-07-2012,16.6
31-07-2012,16.01
01-08-2012,16.45
02-08-2012,16.77
03-08-2012,16.12
06-08-2012,16.22
07-08-2012,16.21
08-08-2012,16.37
09-08-2012,16.33
10-08-2012,16.07
13-08-2012,16.01
14-08-2012,15.64
15-08-2012,15.64
16-08-2012,15.69
17-08-2012,15.73
20-08-2012,15.73
21-08-2012,16.3
22-08-2012,16
23-08-2012,16.12
24-08-2012,16.16
27-08-2012,16.47
28-08-2012,16.35
29-08-2012,16.74
30-08-2012,16.67
31-08-2012,17.3
03-09-2012,17.28
04-09-2012,16.59
05-09-2012,17.01
06-09-2012,16.98
07-09-2012,15.26
10-09-2012,15.27
11-09-2012,15.38
12-09-2012,15.04
13-09-2012,15.67
14-09-2012,15.38
17-09-2012,17.78
18-09-2012,17.83
19-09-2012,17.83
20-09-2012,18.62
21-09-2012,18.93
24-09-2012,18.83
25-09-2012,17.11
26-09-2012,16.97
27-09-2012,16.91
28-09-2012,16.16
01-10-2012,16.34
02-10-2012,16.34
03-10-2012,16.5
04-10-2012,16.44
05-10-2012,16.78
08-10-2012,17.17
09-10-2012,16.8
10-10-2012,16.83
11-10-2012,16.49
12-10-2012,16.49
15-10-2012,15.9
16-10-2012,15.57
17-10-2012,15.17
18-10-2012,14.76
19-10-2012,14.54
22-10-2012,13.04
23-10-2012,13.71
24-10-2012,13.71
25-10-2012,13.52
26-10-2012,14.21
29-10-2012,15.12
30-10-2012,15.17
31-10-2012,14.4
01-11-2012,14.08
02-11-2012,13.66
05-11-2012,14.63
06-11-2012,15.21
07-11-2012,14.51
08-11-2012,14.22
09-11-2012,14.37
12-11-2012,14.86
13-11-2012,14.91
14-11-2012,14.91
15-11-2012,15.53
16-11-2012,16.22
19-11-2012,16.68
20-11-2012,15.81
21-11-2012,15.46
22-11-2012,14.91
23-11-2012,14.68
26-11-2012,14.67
27-11-2012,13.96
28-11-2012,13.96
29-11-2012,15.37
30-11-2012,15.15
03-12-2012,15.62
04-12-2012,15.91
05-12-2012,16.62
06-12-2012,15.24
07-12-2012,14.96
10-12-2012,14.51
11-12-2012,14.67
12-12-2012,14.51
13-12-2012,14.71
14-12-2012,14.23
17-12-2012,14.92
18-12-2012,14.44
19-12-2012,14.47
20-12-2012,14.32
21-12-2012,14.63
24-12-2012,14.49
25-12-2012,14.49
26-12-2012,14.1
27-12-2012,13.74
28-12-2012,13.63
31-12-2012,14.95
01-01-2013,13.69
02-01-2013,13.71
03-01-2013,13.47
04-01-2013,13.37
07-01-2013,13.92
08-01-2013,13.27
09-01-2013,13.32
10-01-2013,13.27
11-01-2013,13.23
14-01-2013,13.7
15-01-2013,13.58
16-01-2013,13.99
17-01-2013,14.01
18-01-2013,13.89
21-01-2013,13.66
22-01-2013,13.89
23-01-2013,13.67
24-01-2013,14.46
25-01-2013,14.77
28-01-2013,15.17
29-01-2013,14.47
30-01-2013,14.38
31-01-2013,14.13
01-02-2013,13.76
04-02-2013,14.34
05-02-2013,14.61
06-02-2013,14.26
07-02-2013,14.89
08-02-2013,15.16
11-02-2013,15.65
12-02-2013,15.31
13-02-2013,15.14
14-02-2013,15.09
15-02-2013,15.24
18-02-2013,16.29
19-02-2013,15.81
20-02-2013,15.6
21-02-2013,16.94
22-02-2013,16.79
25-02-2013,16.73
26-02-2013,17.36
27-02-2013,16.23
28-02-2013,14.86
01-03-2013,14.06
04-03-2013,13.67
05-03-2013,13.39
06-03-2013,13.4
07-03-2013,13.07
08-03-2013,13.34
11-03-2013,14.25
12-03-2013,15.13
13-03-2013,16.2
14-03-2013,14.66
15-03-2013,15.16
18-03-2013,15.85
19-03-2013,16.71
20-03-2013,16.66
21-03-2013,16.51
22-03-2013,15.54
25-03-2013,16.36
26-03-2013,15.8
27-03-2013,15.8
28-03-2013,15.22
29-03-2013,15.22
01-04-2013,14.85
02-04-2013,14.1
03-04-2013,14.87
04-04-2013,15.85
05-04-2013,16.16
08-04-2013,16.77
09-04-2013,16.82
10-04-2013,16.49
11-04-2013,16.97
12-04-2013,16.45
15-04-2013,16.61
16-04-2013,16.25
17-04-2013,16.36
18-04-2013,15.36
19-04-2013,15.36
22-04-2013,16.22
23-04-2013,15.07
24-04-2013,15.07
25-04-2013,14.2
26-04-2013,13.88
29-04-2013,14.33
30-04-2013,15.1
01-05-2013,15.1
02-05-2013,16.28
03-05-2013,15.55
06-05-2013,15.84
07-05-2013,16.5
08-05-2013,16.76
09-05-2013,16.6
10-05-2013,16.86
13-05-2013,17.51
14-05-2013,17.17
15-05-2013,18.13
16-05-2013,17.74
17-05-2013,17.57
20-05-2013,17.71
21-05-2013,17.88
22-05-2013,17.72
23-05-2013,18.73
24-05-2013,17.7
27-05-2013,17.03
28-05-2013,17.12
29-05-2013,17.86
30-05-2013,16.04
31-05-2013,16.99
03-06-2013,17.29
04-06-2013,17.26
05-06-2013,16.78
06-06-2013,17.35
07-06-2013,17.35
10-06-2013,18.11
11-06-2013,19.49
12-06-2013,18.85
13-06-2013,19.44
14-06-2013,18.35
17-06-2013,18.18
18-06-2013,18.29
19-06-2013,18.46
20-06-2013,19.19
21-06-2013,19.03
24-06-2013,21.01
25-06-2013,21.14
26-06-2013,21.07
27-06-2013,18.85
28-06-2013,17.95
01-07-2013,18.09
02-07-2013,18.21
03-07-2013,18.91
04-07-2013,18.58
05-07-2013,18.67
08-07-2013,19.34
09-07-2013,19.32
10-07-2013,19.98
11-07-2013,18.89
12-07-2013,18.69
15-07-2013,18.79
16-07-2013,18.99
17-07-2013,19.36
18-07-2013,18.27
19-07-2013,18.13
22-07-2013,17.63
23-07-2013,16.72
24-07-2013,16.91
25-07-2013,16.72
26-07-2013,16.78
29-07-2013,18.25
30-07-2013,18.12
31-07-2013,18.77
01-08-2013,19.81
02-08-2013,20.89
05-08-2013,20.8
06-08-2013,22.73
07-08-2013,22.04
08-08-2013,21.19
09-08-2013,21.19
12-08-2013,21.28
13-08-2013,19.26
14-08-2013,18.7
15-08-2013,18.7
16-08-2013,23.64
19-08-2013,25.59
20-08-2013,27.23
21-08-2013,28.09
22-08-2013,29.06
23-08-2013,25.75
26-08-2013,26.38
27-08-2013,29.42
28-08-2013,32.38
29-08-2013,29.41
30-08-2013,27.81
02-09-2013,27.55
03-09-2013,32.49
04-09-2013,31.11
05-09-2013,28.53
06-09-2013,28.65
09-09-2013,28.65
10-09-2013,29.44
11-09-2013,29.75
12-09-2013,29.71
13-09-2013,28.29
16-09-2013,28.82
17-09-2013,27.93
18-09-2013,27.69
19-09-2013,24.5
20-09-2013,24.73
23-09-2013,27.02
24-09-2013,26.72
25-09-2013,25.68
26-09-2013,24
27-09-2013,24.06
30-09-2013,26.65
01-10-2013,25.77
02-10-2013,25.77
03-10-2013,25.17
04-10-2013,26.13
07-10-2013,26.83
08-10-2013,26.55
09-10-2013,25.87
10-10-2013,25.88
11-10-2013,23.59
14-10-2013,22.85
15-10-2013,23.24
16-10-2013,23.24
17-10-2013,21.06
18-10-2013,20.12
21-10-2013,20.18
22-10-2013,19.96
23-10-2013,20.35
24-10-2013,20.64
25-10-2013,20.42
28-10-2013,21.29
29-10-2013,19.76
30-10-2013,19.53
31-10-2013,18.39
01-11-2013,18.64
04-11-2013,19.49
05-11-2013,19.94
06-11-2013,20.25
07-11-2013,19.87
08-11-2013,19.64
11-11-2013,19.98
12-11-2013,20.86
13-11-2013,20.45
14-11-2013,19.26
15-11-2013,19.26
18-11-2013,18.82
19-11-2013,19.3
20-11-2013,20.83
21-11-2013,21.14
22-11-2013,20.04
25-11-2013,21.05
26-11-2013,21.59
27-11-2013,21.14
28-11-2013,20.71
29-11-2013,21.38
02-12-2013,23.36
03-12-2013,24.72
04-12-2013,23.71
05-12-2013,21.68
06-12-2013,22.21
09-12-2013,19.16
10-12-2013,17.98
11-12-2013,17.54
12-12-2013,17.74
13-12-2013,17.84
16-12-2013,18.36
17-12-2013,18.33
18-12-2013,17.54
19-12-2013,16.58
20-12-2013,16.02
23-12-2013,16.26
24-12-2013,15.58
25-12-2013,15.58
26-12-2013,14.88
27-12-2013,14.66
30-12-2013,15.08
31-12-2013,15.12
01-01-2014,15.58
02-01-2014,16.55
03-01-2014,15.87
06-01-2014,16.5
07-01-2014,16.32
08-01-2014,16.32
09-01-2014,16.18
10-01-2014,15.58
13-01-2014,15.95
14-01-2014,15.74
15-01-2014,15.42
16-01-2014,15.54
17-01-2014,15.41
20-01-2014,15.35
21-01-2014,15.55
22-01-2014,15.85
23-01-2014,15.58
24-01-2014,15.83
27-01-2014,18.67
28-01-2014,17.72
29-01-2014,18.04
30-01-2014,17.25
31-01-2014,16.82
03-02-2014,18.27
04-02-2014,18.69
05-02-2014,18.93
06-02-2014,18.94
07-02-2014,18.55
10-02-2014,19.05
11-02-2014,18.63
12-02-2014,17.43
13-02-2014,17.8
14-02-2014,16.66
17-02-2014,15.83
18-02-2014,15.41
19-02-2014,15.07
20-02-2014,15.16
21-02-2014,14.04
24-02-2014,14.3575
25-02-2014,13.95
26-02-2014,13.955
27-02-2014,13.955
28-02-2014,14.1775
03-03-2014,15.2825
04-03-2014,14.3925
05-03-2014,13.8425
06-03-2014,14.475
07-03-2014,16.72
10-03-2014,17.7775
11-03-2014,17.325
12-03-2014,17.04
13-03-2014,16.82
14-03-2014,16.4475
17-03-2014,16.4475
18-03-2014,17.1275
19-03-2014,16.8825
20-03-2014,16.91
21-03-2014,16.185
24-03-2014,16.5375
25-03-2014,16.92
26-03-2014,17.765
27-03-2014,18.3725
28-03-2014,18.63
31-03-2014,21.6225
01-04-2014,20.685
02-04-2014,21.2125
03-04-2014,22.1075
04-04-2014,22.6875
07-04-2014,24.9525
08-04-2014,24.9525
09-04-2014,26.9125
10-04-2014,28.7175
11-04-2014,29.185
14-04-2014,29.185
15-04-2014,31.875
16-04-2014,31.16
17-04-2014,30.8525
18-04-2014,30.8525
21-04-2014,34.385
22-04-2014,33.355
23-04-2014,31.1325
24-04-2014,31.1325
25-04-2014,30.68
28-04-2014,31.385
29-04-2014,31.05
30-04-2014,30.5925
01-05-2014,30.5925
02-05-2014,33.055
05-05-2014,34.1875
06-05-2014,33.2675
07-05-2014,33.6125
08-05-2014,34.3
09-05-2014,37.705
12-05-2014,37.105
13-05-2014,32.0475
14-05-2014,32.42
15-05-2014,36.765
16-05-2014,24.2925
19-05-2014,20.63
20-05-2014,19.2325
21-05-2014,17.91
22-05-2014,17.835
23-05-2014,17.705
26-05-2014,19.84
27-05-2014,19.1
28-05-2014,17.5575
29-05-2014,16.69
30-05-2014,16.335
02-06-2014,16.4975
03-06-2014,15.795
04-06-2014,15.565
05-06-2014,15.4475
06-06-2014,15.9825
09-06-2014,17.095
10-06-2014,16.6625
11-06-2014,17.06
12-06-2014,16.9025
13-06-2014,17.7625
16-06-2014,17.9825
17-06-2014,17.695
18-06-2014,18.58
19-06-2014,18.7425
20-06-2014,18.8475
23-06-2014,18.9625
24-06-2014,19.1875
25-06-2014,18.3125
26-06-2014,17.7025
27-06-2014,17.6275
30-06-2014,17.8725
01-07-2014,17.6625
02-07-2014,17.57
03-07-2014,17.805
04-07-2014,18.155
07-07-2014,19.4075
08-07-2014,19.18
09-07-2014,18.1875
10-07-2014,15.965
11-07-2014,15.7225
14-07-2014,15.5625
15-07-2014,14.7675
16-07-2014,14.73
17-07-2014,14.965
18-07-2014,15.095
21-07-2014,14.8975
22-07-2014,14.64
23-07-2014,14.69
24-07-2014,14.72
25-07-2014,14.22
28-07-2014,14.3225
29-07-2014,14.3225
30-07-2014,13.8875
31-07-2014,13.8225
01-08-2014,15.22
04-08-2014,14.815
05-08-2014,13.9475
06-08-2014,14.2975
07-08-2014,14.1375
08-08-2014,14.6175
11-08-2014,13.9975
12-08-2014,13.4675
13-08-2014,13.7625
14-08-2014,13.22
15-08-2014,13.22
18-08-2014,13.5025
19-08-2014,13.905
20-08-2014,13.66
21-08-2014,13.7325
22-08-2014,13.62
25-08-2014,13.7875
26-08-2014,13.9025
27-08-2014,13.0625
28-08-2014,13.0675
29-08-2014,13.0675
01-09-2014,13.53
02-09-2014,13.4475
03-09-2014,13.3925
04-09-2014,13.0775
05-09-2014,12.935
08-09-2014,12.7925
09-09-2014,12.7575
10-09-2014,12.93
11-09-2014,12.5175
12-09-2014,12.365
15-09-2014,13.255
16-09-2014,13.2825
17-09-2014,12.9475
18-09-2014,12.325
19-09-2014,11.8875
22-09-2014,11.565
23-09-2014,12.41
24-09-2014,12.535
25-09-2014,13.2975
26-09-2014,12.9275
29-09-2014,13.385
30-09-2014,13.145
01-10-2014,13
02-10-2014,13
03-10-2014,13
06-10-2014,13
07-10-2014,14.4625
08-10-2014,14.1125
09-10-2014,13.155
10-10-2014,14.33
13-10-2014,14.5
14-10-2014,14.5925
15-10-2014,14.5925
16-10-2014,16.4325
17-10-2014,16.4
20-10-2014,14.19
21-10-2014,13.33
22-10-2014,13.03
23-10-2014,12.8625
24-10-2014,12.8625
27-10-2014,13.515
28-10-2014,13.3225
29-10-2014,13.005
30-10-2014,13.265
31-10-2014,13.295
03-11-2014,13.7375
04-11-2014,13.7375
05-11-2014,13.755
06-11-2014,13.755
07-11-2014,14.11
10-11-2014,13.93
11-11-2014,14.8
12-11-2014,14.435
13-11-2014,13.8
14-11-2014,13.9725
17-11-2014,14.41
18-11-2014,14.065
19-11-2014,14.345
20-11-2014,14.165
21-11-2014,13.8525
24-11-2014,13.0175
25-11-2014,13.525
26-11-2014,12.985
27-11-2014,12.7425
28-11-2014,12.8975
01-12-2014,13.2025
02-12-2014,12.395
03-12-2014,12.3675
04-12-2014,12.445
05-12-2014,11.95
08-12-2014,12.2075
09-12-2014,12.495
10-12-2014,12.2425
11-12-2014,12.7725
12-12-2014,13.7525
15-12-2014,14.02
16-12-2014,16.3075
17-12-2014,16.925
18-12-2014,14.5975
19-12-2014,14.51
22-12-2014,14.21
23-12-2014,15.2975
24-12-2014,15.07
25-12-2014,15.07
26-12-2014,14.645
29-12-2014,14.5825
30-12-2014,14.8625
31-12-2014,15.12
01-01-2015,15.025
02-01-2015,13.795
05-01-2015,14.1525
06-01-2015,17.42
07-01-2015,18.14
08-01-2015,16.4725
09-01-2015,15.955
12-01-2015,16.11
13-01-2015,16.4825
14-01-2015,17.2475
15-01-2015,16.16
16-01-2015,17.275
19-01-2015,17.65
20-01-2015,17.2725
21-01-2015,17.7125
22-01-2015,18.565
23-01-2015,17.885
26-01-2015,17.885
27-01-2015,18.085
28-01-2015,19.77
29-01-2015,19.4325
30-01-2015,20.1725
02-02-2015,20.405
03-02-2015,19.8075
04-02-2015,20.05
05-02-2015,20.615
06-02-2015,20.685
09-02-2015,22.015
10-02-2015,21.1925
11-02-2015,20.5025
12-02-2015,20.1575
13-02-2015,20.1025
16-02-2015,20.825
17-02-2015,20.825
18-02-2015,20.9125
19-02-2015,20.3975
20-02-2015,21.2675
23-02-2015,21.6325
24-02-2015,21.55
25-02-2015,20.775
26-02-2015,20.58
27-02-2015,19.57
02-03-2015,15.8475
03-03-2015,15.4925
04-03-2015,15.1975
05-03-2015,14.4375
06-03-2015,14.4375
09-03-2015,15.8125
10-03-2015,15.5325
11-03-2015,15.13
12-03-2015,14.75
13-03-2015,14.965
16-03-2015,15.1775
17-03-2015,15.1275
18-03-2015,15.5125
19-03-2015,15.1975
20-03-2015,14.26
23-03-2015,14.27
24-03-2015,13.6725
25-03-2015,13.1425
26-03-2015,15.1625
27-03-2015,14.5
30-03-2015,14.2625
31-03-2015,14.4925
01-04-2015,13.665
02-04-2015,13.665
03-04-2015,13.665
06-04-2015,14.5725
07-04-2015,14.25
08-04-2015,14.3475
09-04-2015,14.4175
10-04-2015,14.255
13-04-2015,14.4875
14-04-2015,14.4875
15-04-2015,14.62
16-04-2015,14.95
17-04-2015,15.04
20-04-2015,16.2975
21-04-2015,17.03
22-04-2015,17.21
23-04-2015,18.5
24-04-2015,19.105
27-04-2015,18.735
28-04-2015,17.41
29-04-2015,17.235
30-04-2015,17.225
01-05-2015,17.225
04-05-2015,17.3075
05-05-2015,17.365
06-05-2015,19.67
07-05-2015,19.65
08-05-2015,19.11
11-05-2015,18.625
12-05-2015,20.545
13-05-2015,20.685
14-05-2015,20.7
15-05-2015,19.815
18-05-2015,17.9025
19-05-2015,18.27
20-05-2015,17.7175
21-05-2015,17.4125
22-05-2015,16.9475
25-05-2015,16.9325
26-05-2015,17.0675
27-05-2015,17.2825
28-05-2015,17.1325
29-05-2015,16.6575
01-06-2015,16.9125
02-06-2015,16.82
03-06-2015,17.505
04-06-2015,18.1225
05-06-2015,18.0875
08-06-2015,18.885
09-06-2015,18.01
10-06-2015,17.0775
11-06-2015,17.805
12-06-2015,17.4775
15-06-2015,17.525
16-06-2015,17.1675
17-06-2015,16.7275
18-06-2015,16.015
19-06-2015,15.085
22-06-2015,15.4875
23-06-2015,15.0425
24-06-2015,15.915
25-06-2015,15.93
26-06-2015,15.76
29-06-2015,17.2975
30-06-2015,16.9275
01-07-2015,15.845
02-07-2015,15.5575
03-07-2015,16.305
06-07-2015,16.0175
07-07-2015,16.3075
08-07-2015,17.79
09-07-2015,17.4375
10-07-2015,17.07
13-07-2015,16.2725
14-07-2015,16.01
15-07-2015,15.5675
16-07-2015,14.7825
17-07-2015,14.8025
20-07-2015,14.96
21-07-2015,15.0975
22-07-2015,15.13
23-07-2015,15.52
24-07-2015,15.4575
27-07-2015,16.37
28-07-2015,15.915
29-07-2015,15.8775
30-07-2015,15.325
31-07-2015,14.57
03-08-2015,15.39
04-08-2015,14.83
05-08-2015,14.665
06-08-2015,14.73
07-08-2015,14.91
10-08-2015,15.465
11-08-2015,15.8925
12-08-2015,17.445
13-08-2015,17.0175
14-08-2015,16.02
17-08-2015,16.4625
18-08-2015,16.36
19-08-2015,16.68
20-08-2015,16.975
21-08-2015,17.115
24-08-2015,28.13
25-08-2015,26.8475
26-08-2015,25.515
27-08-2015,22.0425
28-08-2015,23.33
31-08-2015,24.595
01-09-2015,28.7175
02-09-2015,26.65
03-09-2015,24.115
04-09-2015,26.4225
07-09-2015,26.35
08-09-2015,24.5675
09-09-2015,24.3
10-09-2015,24.745
11-09-2015,24.975
14-09-2015,24.32
15-09-2015,23.7425
16-09-2015,21.9975
17-09-2015,21.9975
18-09-2015,18.2925
21-09-2015,18.1775
22-09-2015,20.345
23-09-2015,20.6875
24-09-2015,20.8825
25-09-2015,20.8825
28-09-2015,21.6675
29-09-2015,21.57
30-09-2015,19.625
01-10-2015,19.235
02-10-2015,19.235
05-10-2015,19.1275
06-10-2015,19.305
07-10-2015,19.3375
08-10-2015,19.5625
09-10-2015,18.925
12-10-2015,19.1225
13-10-2015,18.015
14-10-2015,17.72
15-10-2015,17.17
16-10-2015,16.275
19-10-2015,16.8775
20-10-2015,16.995
21-10-2015,16.6225
22-10-2015,16.6225
23-10-2015,16.1925
26-10-2015,17.23
27-10-2015,16.535
28-10-2015,17.04
29-10-2015,17.5825
30-10-2015,17.88
02-11-2015,19.4775
03-11-2015,19.555
04-11-2015,19.355
05-11-2015,19.2925
06-11-2015,19.4725
09-11-2015,17.04
10-11-2015,16.825
11-11-2015,16.905
12-11-2015,16.905
13-11-2015,17.6525
16-11-2015,17.8775
17-11-2015,16.9725
18-11-2015,17.415
19-11-2015,15.84
20-11-2015,15.8975
23-11-2015,17.075
24-11-2015,16.245
25-11-2015,16.245
26-11-2015,16.6875
27-11-2015,16.73
30-11-2015,16.43
01-12-2015,15.635
02-12-2015,15.4875
03-12-2015,16.055
04-12-2015,16.085
07-12-2015,15.865
08-12-2015,15.9725
09-12-2015,16.725
10-12-2015,16.2925
11-12-2015,17.1825
14-12-2015,17.7975
15-12-2015,17.3425
16-12-2015,16.7275
17-12-2015,14.215
18-12-2015,14.4925
21-12-2015,14.225
22-12-2015,14.4825
23-12-2015,13.6525
24-12-2015,13.745
25-12-2015,13.745
28-12-2015,14.4025
29-12-2015,14.235
30-12-2015,14.35
31-12-2015,13.87
01-01-2016,14.26
04-01-2016,16.835
05-01-2016,16.7025
06-01-2016,16.5525
07-01-2016,18.96
08-01-2016,17.7975
11-01-2016,18.69
12-01-2016,18.7125
13-01-2016,18.3525
14-01-2016,18.605
15-01-2016,19.415
18-01-2016,20.225
19-01-2016,18.43
20-01-2016,20.965
21-01-2016,20.8125
22-01-2016,18.82
25-01-2016,18.265
26-01-2016,18.265
27-01-2016,19.0575
28-01-2016,17.9
29-01-2016,17.24
01-02-2016,17.89
02-02-2016,18.035
03-02-2016,18.5875
04-02-2016,18.2075
05-02-2016,18.115
08-02-2016,20.2575
09-02-2016,21.7275
10-02-2016,22.465
11-02-2016,25.965
12-02-2016,24.6725
15-02-2016,22.375
16-02-2016,23.04
17-02-2016,21.8325
18-02-2016,21.485
19-02-2016,20.915
22-02-2016,21.02
23-02-2016,23.8375
24-02-2016,22.955
25-02-2016,22.745
26-02-2016,21.865
29-02-2016,20.1575
01-03-2016,18.6725
02-03-2016,18.99
03-03-2016,18.04
04-03-2016,17.8825
07-03-2016,17.8825
08-03-2016,18.465
09-03-2016,17.505
10-03-2016,17.895
11-03-2016,17.0975
14-03-2016,17.1025
15-03-2016,17.5975
16-03-2016,17.115
17-03-2016,16.84
18-03-2016,16.3825
21-03-2016,16.3325
22-03-2016,16.43
23-03-2016,16.345
24-03-2016,16.345
25-03-2016,16.345
28-03-2016,17.485
29-03-2016,17.6375
30-03-2016,16.8075
31-03-2016,16.5825
01-04-2016,17.2775
04-04-2016,17.45
05-04-2016,17.83
06-04-2016,17.345
07-04-2016,16.935
08-04-2016,16.4325
11-04-2016,16.0125
12-04-2016,16.025
13-04-2016,16.035
14-04-2016,16.035
15-04-2016,16.035
18-04-2016,16.9475
19-04-2016,16.9475
20-04-2016,17.075
21-04-2016,16.5125
22-04-2016,16.38
25-04-2016,16.5725
26-04-2016,16.58
27-04-2016,16.3525
28-04-2016,16.5975
29-04-2016,16.5375
02-05-2016,17.0925
03-05-2016,17.4625
04-05-2016,17.445
05-05-2016,17.17
06-05-2016,16.9475
09-05-2016,16.6125
10-05-2016,16.415
11-05-2016,16.9625
12-05-2016,16.3275
13-05-2016,16.9975
16-05-2016,17.0325
17-05-2016,16.3725
18-05-2016,16.455
19-05-2016,17.0625
20-05-2016,16.425
23-05-2016,16.16
24-05-2016,16.22
25-05-2016,15.52
26-05-2016,15.325
27-05-2016,15.26
30-05-2016,15.975
31-05-2016,16.045
01-06-2016,15.835
02-06-2016,15.0875
03-06-2016,14.995
06-06-2016,15.355
07-06-2016,14.87
08-06-2016,15.1425
09-06-2016,15.6725
10-06-2016,15.97
13-06-2016,16.5825
14-06-2016,17.19
15-06-2016,17.055
16-06-2016,17.6975
17-06-2016,17.35
20-06-2016,17.5175
21-06-2016,17.26
22-06-2016,18.185
23-06-2016,18.02
24-06-2016,18.6275
27-06-2016,18.53
28-06-2016,17.725
29-06-2016,16.155
30-06-2016,16.29
01-07-2016,15.7375
04-07-2016,15.5775
05-07-2016,15.3625
06-07-2016,15.3625
07-07-2016,15.3075
08-07-2016,15.0825
11-07-2016,14.8475
12-07-2016,14.7825
13-07-2016,15.325
14-07-2016,15.61
15-07-2016,15.6375
18-07-2016,15.9875
19-07-2016,15.795
20-07-2016,15.99
21-07-2016,15.7125
22-07-2016,15.4975
25-07-2016,15.7175
26-07-2016,15.62
27-07-2016,15.4275
28-07-2016,15.1475
29-07-2016,14.9175
01-08-2016,15.18
02-08-2016,15.6925
03-08-2016,16.2375
04-08-2016,15.14
05-08-2016,14.3525
08-08-2016,14.5875
09-08-2016,14.5375
10-08-2016,14.9225
11-08-2016,14.2125
12-08-2016,13.77
15-08-2016,13.77
16-08-2016,14.1825
17-08-2016,14.78
18-08-2016,14.55
19-08-2016,14.5375
22-08-2016,14.235
23-08-2016,13.8975
24-08-2016,13.4875
25-08-2016,13.285
26-08-2016,13.57
29-08-2016,13.165
30-08-2016,13.02
31-08-2016,13.2425
01-09-2016,13.34
02-09-2016,12.94
05-09-2016,12.94
06-09-2016,12.75
07-09-2016,13.145
08-09-2016,13.115
09-09-2016,13.23
12-09-2016,15.24
13-09-2016,15.24
14-09-2016,14.7625
15-09-2016,14.6775
16-09-2016,14.58
19-09-2016,14.94
20-09-2016,14.78
21-09-2016,14.805
22-09-2016,13.34
23-09-2016,13.2475
26-09-2016,14.565
27-09-2016,14.25
28-09-2016,13.8475
29-09-2016,18.45
30-09-2016,17.18
03-10-2016,15.62
04-10-2016,14.9925
05-10-2016,14.925
06-10-2016,14.835
07-10-2016,14.485
10-10-2016,14.285
11-10-2016,14.285
12-10-2016,14.285
13-10-2016,15.425
14-10-2016,14.8875
17-10-2016,15.655
18-10-2016,14.5375
19-10-2016,14.6125
20-10-2016,14.165
21-10-2016,13.83
24-10-2016,14.3325
25-10-2016,14.4825
26-10-2016,14.4525
27-10-2016,14.085
28-10-2016,14.6525
31-10-2016,15.49
01-11-2016,15.735
02-11-2016,16.7975
03-11-2016,16.465
04-11-2016,16.8475
07-11-2016,16.5075
08-11-2016,16.77
09-11-2016,16.62
10-11-2016,15.4575
11-11-2016,17.365
14-11-2016,17.365
15-11-2016,20.145
16-11-2016,19.5025
17-11-2016,18.71
18-11-2016,17.805
21-11-2016,19.0975
22-11-2016,18.465
23-11-2016,18.04
24-11-2016,17.16
25-11-2016,17.6125
28-11-2016,18.055
29-11-2016,17.7075
30-11-2016,16.85
01-12-2016,16.6875
02-12-2016,17.9325
05-12-2016,17.2875
06-12-2016,17.105
07-12-2016,16.845
08-12-2016,15.525
09-12-2016,15.0675
12-12-2016,16.1925
13-12-2016,15.9225
14-12-2016,16.5925
15-12-2016,15.655
16-12-2016,15.2525
19-12-2016,14.8375
20-12-2016,14.5375
21-12-2016,14.705
22-12-2016,15.5525
23-12-2016,15.1275
26-12-2016,16.6025
27-12-2016,15.0825
28-12-2016,15.5425
29-12-2016,15.2825
30-12-2016,15.465
02-01-2017,15.83
03-01-2017,15.9575
04-01-2017,15.89
05-01-2017,15.05
06-01-2017,14.9125
09-01-2017,15.48
10-01-2017,15.195
11-01-2017,14.8075
12-01-2017,14.6125
13-01-2017,14.3825
16-01-2017,15.065
17-01-2017,15.3925
18-01-2017,15.1825
19-01-2017,15.02
20-01-2017,15.79
23-01-2017,15.905
24-01-2017,15.285
25-01-2017,15.17
26-01-2017,15.17
27-01-2017,16.005
30-01-2017,16.67
31-01-2017,16.825
01-02-2017,13.97
02-02-2017,13.52
03-02-2017,13.1275
06-02-2017,13.3975
07-02-2017,13.5075
08-02-2017,13.35
09-02-2017,13.235
10-02-2017,13.1775
13-02-2017,13.6925
14-02-2017,13.8025
15-02-2017,14.2125
16-02-2017,13.73
17-02-2017,13.4325
20-02-2017,13.61
21-02-2017,13.525
22-02-2017,13.7
23-02-2017,13.4
24-02-2017,13.4
27-02-2017,13.675
28-02-2017,13.7925
01-03-2017,13.575
02-03-2017,13.3625
03-03-2017,13.3525
06-03-2017,13.64
07-03-2017,13.875
08-03-2017,14.075
09-03-2017,14.39
10-03-2017,13.9575
13-03-2017,13.9575
14-03-2017,12.4
15-03-2017,12.4225
16-03-2017,11.91
17-03-2017,11.8525
20-03-2017,12.0175
21-03-2017,11.9425
22-03-2017,12.27
23-03-2017,11.835
24-03-2017,11.9775
27-03-2017,12.435
28-03-2017,12.1175
29-03-2017,12.0875
30-03-2017,12.15
31-03-2017,12.42
03-04-2017,11.4925
04-04-2017,11.4925
05-04-2017,11.55
06-04-2017,11.29
07-04-2017,11.6925
10-04-2017,11.62
11-04-2017,11.395
12-04-2017,11.6275
13-04-2017,11.5775
14-04-2017,11.5775
17-04-2017,11.8925
18-04-2017,12.375
19-04-2017,12.215
20-04-2017,11.56
21-04-2017,11.4225
24-04-2017,11.625
25-04-2017,11.155
26-04-2017,11.74
27-04-2017,11.07
28-04-2017,10.86
01-05-2017,10.86
02-05-2017,11.4475
03-05-2017,11.5275
04-05-2017,11.3325
05-05-2017,11.9875
08-05-2017,11.665
09-05-2017,11.1125
10-05-2017,10.9475
11-05-2017,10.8375
12-05-2017,10.6275
15-05-2017,10.675
16-05-2017,10.56
17-05-2017,10.635
18-05-2017,11.785
19-05-2017,11.3025
22-05-2017,11.2025
23-05-2017,12.2025
24-05-2017,11.83
25-05-2017,10.4475
26-05-2017,10.8625
29-05-2017,11.7875
30-05-2017,11.765
31-05-2017,11.7625
01-06-2017,11.3075
02-06-2017,10.81
05-06-2017,11.015
06-06-2017,11.1325
07-06-2017,10.89
08-06-2017,11.0675
09-06-2017,10.8625
12-06-2017,11.4225
13-06-2017,11.34
14-06-2017,11.18
15-06-2017,11.325
16-06-2017,10.915
19-06-2017,10.6275
20-06-2017,10.6575
21-06-2017,10.915
22-06-2017,11.2075
23-06-2017,11.5575
26-06-2017,11.5575
27-06-2017,12.5075
28-06-2017,11.99
29-06-2017,11.3825
30-06-2017,11.7325
03-07-2017,11.2
04-07-2017,11.275
05-07-2017,11.1525
06-07-2017,10.9825
07-07-2017,10.8675
10-07-2017,10.9125
11-07-2017,10.89
12-07-2017,11.0525
13-07-2017,11.2475
14-07-2017,11.1725
17-07-2017,11.4575
18-07-2017,11.49
19-07-2017,11.255
20-07-2017,11.315
21-07-2017,11.085
24-07-2017,11.3125
25-07-2017,10.9125
26-07-2017,11.17
27-07-2017,11.2175
28-07-2017,11.1375
31-07-2017,11.9
01-08-2017,11.9075
02-08-2017,11.9425
03-08-2017,11.6425
04-08-2017,11.39
07-08-2017,11.895
08-08-2017,12.77
09-08-2017,13.4525
10-08-2017,13.8025
11-08-2017,15.195
14-08-2017,14.3825
15-08-2017,14.3825
16-08-2017,14.2375
17-08-2017,14.34
18-08-2017,14.57
21-08-2017,14.815
22-08-2017,14.105
23-08-2017,13.1825
24-08-2017,12.5725
25-08-2017,12.5725
28-08-2017,12.64
29-08-2017,13.5425
30-08-2017,12.8875
31-08-2017,11.9525
01-09-2017,11.675
04-09-2017,13.165
05-09-2017,12.8875
06-09-2017,13.12
07-09-2017,13.0075
08-09-2017,12.9625
11-09-2017,12.36
12-09-2017,11.7575
13-09-2017,11.755
14-09-2017,11.47
15-09-2017,11.6775
18-09-2017,11.4425
19-09-2017,11.465
20-09-2017,11.6325
21-09-2017,11.6325
22-09-2017,12.81
25-09-2017,13.34
26-09-2017,12.9275
27-09-2017,13.8625
28-09-2017,13.1725
29-09-2017,12.485
02-10-2017,12.485
03-10-2017,12.46
04-10-2017,11.8
05-10-2017,11.71
06-10-2017,11.1175
09-10-2017,11.3925
10-10-2017,11.1125
11-10-2017,11.73
12-10-2017,11.0425
13-10-2017,11.2625
16-10-2017,11.31
17-10-2017,11.61
18-10-2017,11.54
19-10-2017,12.395
20-10-2017,12.395
23-10-2017,12.325
24-10-2017,11.59
25-10-2017,11.76
26-10-2017,11.6175
27-10-2017,11.475
30-10-2017,12.1125
31-10-2017,12.44
01-11-2017,12.1375
02-11-2017,12.005
03-11-2017,11.91
06-11-2017,13.0225
07-11-2017,13.2375
08-11-2017,13.61
09-11-2017,13.2675
10-11-2017,13.475
13-11-2017,14.045
14-11-2017,14.165
15-11-2017,14.265
16-11-2017,13.4625
17-11-2017,13.7125
20-11-2017,13.4325
21-11-2017,13.715
22-11-2017,14.0375
23-11-2017,13.865
24-11-2017,13.5125
27-11-2017,13.03
28-11-2017,13.1475
29-11-2017,13.06
30-11-2017,13.55
01-12-2017,14.795
04-12-2017,14.855
05-12-2017,15.0075
06-12-2017,15.0875
07-12-2017,14.2725
08-12-2017,13.6725
11-12-2017,14.1475
12-12-2017,15.2625
13-12-2017,15.945
14-12-2017,16.4075
15-12-2017,14.94
18-12-2017,13.115
19-12-2017,12.1875
20-12-2017,12.185
21-12-2017,12.085
22-12-2017,11.5875
25-12-2017,11.5875
26-12-2017,12.0525
27-12-2017,12.4925
28-12-2017,12.2975
29-12-2017,12.67
01-01-2018,13.3525
02-01-2018,13.685
03-01-2018,13.6225
04-01-2018,13.415
05-01-2018,13.1125
08-01-2018,13.735
09-01-2018,13.8475
10-01-2018,14.035
11-01-2018,14.0125
12-01-2018,13.7325
15-01-2018,14.305
16-01-2018,14.085
17-01-2018,13.86
18-01-2018,13.96
19-01-2018,13.9825
22-01-2018,15.3925
23-01-2018,16.225
24-01-2018,18.04
25-01-2018,17.5075
26-01-2018,17.5075
29-01-2018,17.8875
30-01-2018,16.415
31-01-2018,15.93
01-02-2018,14.1075
02-02-2018,15.25
05-02-2018,16.0525
06-02-2018,20.015
07-02-2018,19.465
08-02-2018,17.7725
09-02-2018,19.23
12-02-2018,17.8825
13-02-2018,17.8825
14-02-2018,17.185
15-02-2018,16.315
16-02-2018,16.3775
19-02-2018,16.6675
20-02-2018,16.8675
21-02-2018,15.92
22-02-2018,14.8325
23-02-2018,14.2025
26-02-2018,13.695
27-02-2018,13.9225
28-02-2018,13.805
01-03-2018,14.0725
02-03-2018,14.0725
05-03-2018,15.395
06-03-2018,16.245
07-03-2018,15.7
08-03-2018,14.585
09-03-2018,14.525
12-03-2018,14.4925
13-03-2018,14.4625
14-03-2018,14.3625
15-03-2018,14.33
16-03-2018,15.22
19-03-2018,15.82
20-03-2018,15.6075
21-03-2018,15.1075
22-03-2018,15.2475
23-03-2018,15.545
26-03-2018,15.195
27-03-2018,15.55
28-03-2018,15.7575
29-03-2018,15.7575
30-03-2018,15.7575
02-04-2018,15.3475
03-04-2018,15.185
04-04-2018,16.34
05-04-2018,14.7975
06-04-2018,14.7475
09-04-2018,14.8675
10-04-2018,14.4975
11-04-2018,14.72
12-04-2018,14.56
13-04-2018,14.14
16-04-2018,14.26
17-04-2018,14.0425
18-04-2018,14.11
19-04-2018,13.7475
20-04-2018,12.9375
23-04-2018,13.145
24-04-2018,11.895
25-04-2018,12.395
26-04-2018,12.0375
27-04-2018,12.0175
30-04-2018,12.3625
01-05-2018,12.3625
02-05-2018,12.84
03-05-2018,12.985
04-05-2018,13.25
07-05-2018,13.76
08-05-2018,14.055
09-05-2018,14.2725
10-05-2018,14.425
11-05-2018,13.9775
14-05-2018,14.245
15-05-2018,13.165
16-05-2018,13.435
17-05-2018,13.4075
18-05-2018,14.15
21-05-2018,14.41
22-05-2018,13.6025
23-05-2018,14.1575
24-05-2018,13.145
25-05-2018,12.645
28-05-2018,13.055
29-05-2018,13.07
30-05-2018,13.41
31-05-2018,13.2225
01-06-2018,13.57
04-06-2018,13.8825
05-06-2018,13.315
06-06-2018,12.55
07-06-2018,12.7775
08-06-2018,12.6975
11-06-2018,13.18
12-06-2018,12.73
13-06-2018,12.635
14-06-2018,12.095
15-06-2018,12.07
18-06-2018,12.38
19-06-2018,12.92
20-06-2018,12.1725
21-06-2018,12.4475
22-06-2018,12.0225
25-06-2018,12.5825
26-06-2018,12.7975
27-06-2018,13.51
28-06-2018,13.9475
29-06-2018,12.9375
02-07-2018,13.37
03-07-2018,13
04-07-2018,12.6575
05-07-2018,12.575
06-07-2018,12.4425
09-07-2018,12.39
10-07-2018,12.395
11-07-2018,12.775
12-07-2018,12.505
13-07-2018,12.3025
16-07-2018,12.9475
17-07-2018,12.825
18-07-2018,13.6825
19-07-2018,13.5925
20-07-2018,13.535
23-07-2018,13.005
24-07-2018,12.4675
25-07-2018,12.2075
26-07-2018,12.0275
27-07-2018,12.31
30-07-2018,12.585
31-07-2018,12.48
01-08-2018,12.53
02-08-2018,12.555
03-08-2018,12.0775
06-08-2018,12.5625
07-08-2018,12.5775
08-08-2018,12.54
09-08-2018,12.6775
10-08-2018,12.85
13-08-2018,13.4
14-08-2018,13.2825
15-08-2018,13.2825
16-08-2018,13.645
17-08-2018,13.16
20-08-2018,13.0325
21-08-2018,12.9025
22-08-2018,12.9025
23-08-2018,12.7575
24-08-2018,12.4075
27-08-2018,12.2375
28-08-2018,12.425
29-08-2018,12.435
30-08-2018,12.4125
31-08-2018,12.5975
03-09-2018,13.3925
04-09-2018,13.7825
05-09-2018,13.65
06-09-2018,13.7225
07-09-2018,13.89
10-09-2018,15.2025
11-09-2018,15.33
12-09-2018,14.25
13-09-2018,14.25
14-09-2018,13.8425
17-09-2018,14.495
18-09-2018,14.415
19-09-2018,14.005
20-09-2018,14.005
21-09-2018,15.535
24-09-2018,17.4275
25-09-2018,16.6825
26-09-2018,17.0875
27-09-2018,16.9225
28-09-2018,16.995
01-10-2018,16.835
02-10-2018,16.835
03-10-2018,18.1175
04-10-2018,18.915
05-10-2018,19.7325
08-10-2018,20.1475
09-10-2018,19.755
10-10-2018,17.9075
11-10-2018,20.5475
12-10-2018,18.6275
15-10-2018,18.885
16-10-2018,17.3725
17-10-2018,17.98
18-10-2018,17.98
19-10-2018,19.7875
22-10-2018,21.3575
23-10-2018,19.0375
24-10-2018,18.88
25-10-2018,18.9625
26-10-2018,19.2325
29-10-2018,19.825
30-10-2018,20.5025
31-10-2018,19.7975
01-11-2018,19.1925
02-11-2018,18.23
05-11-2018,19.4825
06-11-2018,18.505
07-11-2018,17.8775
08-11-2018,17.8775
09-11-2018,17.765
12-11-2018,19.3675
13-11-2018,18.695
14-11-2018,18.825
15-11-2018,18.455
16-11-2018,18.35
19-11-2018,19.255
20-11-2018,19.3275
21-11-2018,19.555
22-11-2018,19.16
23-11-2018,19.16
26-11-2018,20.4025
27-11-2018,18.315
28-11-2018,17.96
29-11-2018,18.6975
30-11-2018,19.1625
03-12-2018,18.2225
04-12-2018,18.1075
05-12-2018,18.39
06-12-2018,19.305
07-12-2018,18.59
10-12-2018,20.4375
11-12-2018,17.945
12-12-2018,15.81
13-12-2018,15.55
14-12-2018,15.1575
17-12-2018,14.54
18-12-2018,14.5775
19-12-2018,14.66
20-12-2018,14.3325
21-12-2018,15.9925
24-12-2018,15.75
25-12-2018,15.75
26-12-2018,15.92
27-12-2018,16.0725
28-12-2018,15.27
31-12-2018,16
01-01-2019,15.325
02-01-2019,16.3875
03-01-2019,16.79
04-01-2019,16.1625
07-01-2019,16.3025
08-01-2019,15.7
09-01-2019,15.27
10-01-2019,15.345
11-01-2019,15.3525
14-01-2019,16.1575
15-01-2019,15.5825
16-01-2019,16.0775
17-01-2019,16.2425
18-01-2019,16.6175
21-01-2019,18.1475
22-01-2019,17.985
23-01-2019,18.085
24-01-2019,17.435
25-01-2019,17.69
28-01-2019,18.8975
29-01-2019,18.4275
30-01-2019,17.85
31-01-2019,17.1225
01-02-2019,15.72
04-02-2019,15.7225
05-02-2019,15.78
06-02-2019,15.63
07-02-2019,15.435
08-02-2019,15.5675
11-02-2019,15.84
12-02-2019,15.75
13-02-2019,15.73
14-02-2019,15.7725
15-02-2019,16.46
18-02-2019,18
19-02-2019,18.4675
20-02-2019,17.055
21-02-2019,16.0525
22-02-2019,15.45
25-02-2019,15.3575
26-02-2019,17.115
27-02-2019,18.8975
28-02-2019,18.2775
01-03-2019,16.275
04-03-2019,16.275
05-03-2019,15.6575
06-03-2019,15.61
07-03-2019,15.2925
08-03-2019,14.94
11-03-2019,14.895
12-03-2019,15.0975
13-03-2019,15.2775
14-03-2019,15.15
15-03-2019,15.865
18-03-2019,16.9
19-03-2019,16.4925
20-03-2019,16.0325
21-03-2019,16.0325
22-03-2019,16.275
25-03-2019,16.6725
26-03-2019,16.485
27-03-2019,17.0475
28-03-2019,16.6525
29-03-2019,17.185
01-04-2019,18.005
02-04-2019,18.0825
03-04-2019,18.7825
04-04-2019,18.65
05-04-2019,18.3925
08-04-2019,20.1525
09-04-2019,20.28
10-04-2019,21.13
11-04-2019,20.9575
12-04-2019,20.9975
15-04-2019,21.3875
16-04-2019,21.6925
17-04-2019,21.6925
18-04-2019,22.735
19-04-2019,22.735
22-04-2019,24.05
23-04-2019,24.645
24-04-2019,23.7125
25-04-2019,23.2325
26-04-2019,21.7175
29-04-2019,21.7175
30-04-2019,21.8275
01-05-2019,21.8275
02-05-2019,22.9825
03-05-2019,24.0325
06-05-2019,26.4325
07-05-2019,26.4775
08-05-2019,26.365
09-05-2019,25.485
10-05-2019,26.335
13-05-2019,27.3825
14-05-2019,27.1325
15-05-2019,28.6575
16-05-2019,28.37
17-05-2019,28.075
20-05-2019,23.675
21-05-2019,25.6525
22-05-2019,27.6325
23-05-2019,19.405
24-05-2019,16.4675
27-05-2019,16.19
28-05-2019,15.9225
29-05-2019,16.4075
30-05-2019,15.61
31-05-2019,16.0675
03-06-2019,15.9675
04-06-2019,15.6275
05-06-2019,15.6275
06-06-2019,15.525
07-06-2019,14.8575
10-06-2019,14.975
11-06-2019,14.49
12-06-2019,14.1225
13-06-2019,13.66
14-06-2019,13.895
17-06-2019,14.65
18-06-2019,14.6
19-06-2019,14.73
20-06-2019,14
21-06-2019,14.61
24-06-2019,15.2225
25-06-2019,15.01
26-06-2019,14.75
27-06-2019,14.645
28-06-2019,14.9525
01-07-2019,14.6025
02-07-2019,14.25
03-07-2019,13.695
04-07-2019,13.53
05-07-2019,13.065
08-07-2019,13.8525
09-07-2019,13.6875
10-07-2019,13.635
11-07-2019,12.47
12-07-2019,11.9975
15-07-2019,12.02
16-07-2019,11.56
17-07-2019,11.8
18-07-2019,11.75
19-07-2019,12.515
22-07-2019,13.01
23-07-2019,13.4275
24-07-2019,12.76
25-07-2019,12.635
26-07-2019,12.1325
29-07-2019,13.0625
30-07-2019,13.6125
31-07-2019,13.59
01-08-2019,14.5575
02-08-2019,15.1875
05-08-2019,16.585
06-08-2019,16.12
07-08-2019,16.74
08-08-2019,16.0925
09-08-2019,15.845
12-08-2019,15.845
13-08-2019,17.7775
14-08-2019,16.3575
15-08-2019,16.3575
16-08-2019,16.6475
19-08-2019,16.7475
20-08-2019,16.6325
21-08-2019,17.0225
22-08-2019,17.8525
23-08-2019,17.3475
26-08-2019,16.655
27-08-2019,16.01
28-08-2019,16.835
29-08-2019,16.425
30-08-2019,16.2825
02-09-2019,16.2825
03-09-2019,18.055
04-09-2019,17.235
05-09-2019,17.2725
06-09-2019,16.275
09-09-2019,15.8525
10-09-2019,15.8525
11-09-2019,15.3725
12-09-2019,14.9
13-09-2019,14.12
16-09-2019,14.9525
17-09-2019,16.0175
18-09-2019,15.3525
19-09-2019,15.55
20-09-2019,15.4
23-09-2019,16.7925
24-09-2019,16.7325
25-09-2019,16.17
26-09-2019,16.3425
27-09-2019,16.115
30-09-2019,15.8725
01-10-2019,16.7575
02-10-2019,16.7575
03-10-2019,17.7025
04-10-2019,17.58
07-10-2019,17.83
08-10-2019,17.83
09-10-2019,17.155
10-10-2019,17.2275
11-10-2019,17.14
14-10-2019,17.43
15-10-2019,16.85
16-10-2019,16.36
17-10-2019,15.8775
18-10-2019,15.9275
21-10-2019,15.9275
22-10-2019,16.81
23-10-2019,16.535
24-10-2019,16.24
25-10-2019,15.315
28-10-2019,15.585
29-10-2019,16.42
30-10-2019,16.6575
31-10-2019,16.28
01-11-2019,15.7325
04-11-2019,15.925
05-11-2019,15.9175
06-11-2019,15.775
07-11-2019,15.2075
08-11-2019,15.855
11-11-2019,16.25
12-11-2019,16.25
13-11-2019,16.4625
14-11-2019,15.65
15-11-2019,15.03
18-11-2019,15.755
19-11-2019,15.4125
20-11-2019,15.16
21-11-2019,14.975
22-11-2019,14.8725
25-11-2019,15.0025
26-11-2019,14.8375
27-11-2019,14.6175
28-11-2019,13.9875
29-11-2019,13.8975
02-12-2019,14.2025
03-12-2019,14.5625
04-12-2019,13.3225
05-12-2019,14.305
06-12-2019,13.64
09-12-2019,14.5975
10-12-2019,14.29
11-12-2019,13.3775
12-12-2019,13.3475
13-12-2019,13.3
16-12-2019,13.415
17-12-2019,12.5175
18-12-2019,12.3375
19-12-2019,12.1225
20-12-2019,12.325
23-12-2019,11.9575
24-12-2019,11.625
25-12-2019,11.625
26-12-2019,11.1225
27-12-2019,10.525
30-12-2019,11.0075
31-12-2019,11.6675
01-01-2020,11.5975
02-01-2020,11.49
03-01-2020,12.695
06-01-2020,14.7775
07-01-2020,14.61
08-01-2020,15.64
09-01-2020,13.9975
10-01-2020,14.0775
13-01-2020,14.275
14-01-2020,13.9125
15-01-2020,14.12
16-01-2020,14.1825
17-01-2020,14.1275
20-01-2020,15.41
21-01-2020,15.8625
22-01-2020,16.36
23-01-2020,15.855
24-01-2020,15.56
27-01-2020,17.175
28-01-2020,17.2975
29-01-2020,16.4975
30-01-2020,16.7975
31-01-2020,17.3675
03-02-2020,15.7825
04-02-2020,14.38
05-02-2020,14.1725
06-02-2020,13.78
07-02-2020,13.7475
10-02-2020,14.21
11-02-2020,13.88
12-02-2020,13.6225
13-02-2020,13.37
14-02-2020,13.615
17-02-2020,14.415
18-02-2020,14.51
19-02-2020,14.0225
20-02-2020,13.7
21-02-2020,13.7
24-02-2020,16.9975
25-02-2020,16.8975
26-02-2020,18.26
27-02-2020,17.765
28-02-2020,23.235
02-03-2020,25.2025
03-03-2020,24.5425
04-03-2020,24.225
05-03-2020,23.2475
06-03-2020,25.6425
09-03-2020,30.8
10-03-2020,30.8
11-03-2020,31.555
12-03-2020,41.1625
13-03-2020,51.4725
16-03-2020,58.875
17-03-2020,62.925
18-03-2020,63.955
19-03-2020,72.1975
20-03-2020,67.1
23-03-2020,71.985
24-03-2020,83.6075
25-03-2020,77.625
26-03-2020,71.5325
27-03-2020,70.385
30-03-2020,71.89
31-03-2020,64.4075
01-04-2020,60.0525
02-04-2020,60.0525
03-04-2020,55.3025
06-04-2020,55.3025
07-04-2020,51.8
08-04-2020,52.2425
09-04-2020,49.745
10-04-2020,49.745
13-04-2020,51.4575
14-04-2020,51.4575
15-04-2020,49.735
16-04-2020,46.095
17-04-2020,42.5925
20-04-2020,43.455
21-04-2020,45.1975
22-04-2020,42.8225
23-04-2020,39.23
24-04-2020,39.1175
27-04-2020,38.0425
28-04-2020,35.355
29-04-2020,33.8375
30-04-2020,33.9875
01-05-2020,33.9875
04-05-2020,43.67
05-05-2020,43.6075
06-05-2020,41.2475
07-05-2020,39.93
08-05-2020,38.4075
11-05-2020,38.0375
12-05-2020,38.205
13-05-2020,38.835
14-05-2020,38.1825
15-05-2020,38.0175
18-05-2020,40.915
19-05-2020,39.4525
20-05-2020,35.81
21-05-2020,32.985
22-05-2020,32.3775
25-05-2020,32.3775
26-05-2020,31.47
27-05-2020,31.2725
28-05-2020,30.0175
29-05-2020,30.22
01-06-2020,30.7425
02-06-2020,30.115
03-06-2020,30.0425
04-06-2020,29.69
05-06-2020,28.68
08-06-2020,29.6475
09-06-2020,30.205
10-06-2020,29.4375
11-06-2020,29.66
12-06-2020,30.8225
15-06-2020,32.5775
16-06-2020,32.965
17-06-2020,33.355
18-06-2020,31.455
19-06-2020,29.965
22-06-2020,30.46
23-06-2020,29.34
24-06-2020,29.5775
25-06-2020,29.7275
26-06-2020,28.735
29-06-2020,28.91
30-06-2020,29.1175
01-07-2020,28.1175
02-07-2020,26.5075
03-07-2020,25.7675
06-07-2020,25.1975
07-07-2020,25.1025
08-07-2020,26.1
09-07-2020,24.9125
10-07-2020,24.9425
13-07-2020,25.2525
14-07-2020,26.6375
15-07-2020,26.29
16-07-2020,25.3625
17-07-2020,24.1575
20-07-2020,24.7125
21-07-2020,24.4275
22-07-2020,24.885
23-07-2020,24.64
24-07-2020,24.535
27-07-2020,25.0175
28-07-2020,23.6425
29-07-2020,24.1125
30-07-2020,24.7275
31-07-2020,24.1925
03-08-2020,25.185
04-08-2020,23.815
05-08-2020,23.5675
06-08-2020,23.15
07-08-2020,22.5775
10-08-2020,22.51
11-08-2020,21.36
12-08-2020,20.845
13-08-2020,20.5675
14-08-2020,21.6725
17-08-2020,21.3075
18-08-2020,20.43
19-08-2020,19.9575
20-08-2020,20.6175
21-08-2020,19.9375
24-08-2020,19.23
25-08-2020,19.315
26-08-2020,19.3025
27-08-2020,18.895
28-08-2020,18.3475
31-08-2020,22.835
01-09-2020,21.8
02-09-2020,21.105
03-09-2020,20.5025
04-09-2020,22.1525
07-09-2020,22.0075
08-09-2020,22.7225
09-09-2020,22.23
10-09-2020,21.2625
11-09-2020,20.7125
14-09-2020,21.19
15-09-2020,20.5975
16-09-2020,19.66
17-09-2020,20.1
18-09-2020,20.045
21-09-2020,22.1875
22-09-2020,21.41
23-09-2020,20.99
24-09-2020,23.51
25-09-2020,20.675
28-09-2020,19.5725
29-09-2020,19.775
30-09-2020,19.53
01-10-2020,18.35
02-10-2020,18.35
05-10-2020,19.705
06-10-2020,19.635
07-10-2020,20.06
08-10-2020,20.38
09-10-2020,20.38
12-10-2020,21.1275
13-10-2020,20.715
14-10-2020,20.21
15-10-2020,22.0575
16-10-2020,21.645
19-10-2020,21.8175
20-10-2020,22.69
21-10-2020,22.915
22-10-2020,22.635
23-10-2020,21.8275
26-10-2020,22.8325
27-10-2020,22.195
28-10-2020,23.28
29-10-2020,24.0225
30-10-2020,24.7525
02-11-2020,25.21
03-11-2020,24.24
04-11-2020,23.2
05-11-2020,20.965
06-11-2020,20.4975
09-11-2020,20.1125
10-11-2020,21.5775
11-11-2020,22.0325
12-11-2020,20.62
13-11-2020,19.7025
16-11-2020,19.13
17-11-2020,19.8025
18-11-2020,19.12
19-11-2020,19.57
20-11-2020,19.6175
23-11-2020,20.7975
24-11-2020,21.0575
25-11-2020,23.1275
26-11-2020,20.0225
27-11-2020,19.8175
30-11-2020,19.8175
01-12-2020,20.1825
02-12-2020,19.9075
03-12-2020,19
04-12-2020,18.0275
07-12-2020,18.025
08-12-2020,18.6175
09-12-2020,18.92
10-12-2020,18.7125
11-12-2020,18.79
14-12-2020,19.4025
15-12-2020,19.345
16-12-2020,19.2
17-12-2020,19.1575
18-12-2020,18.6225
21-12-2020,23.19
22-12-2020,21.985
23-12-2020,20.495
24-12-2020,19.9675
25-12-2020,19.9675
28-12-2020,20.4275
29-12-2020,20.79
30-12-2020,21.11
31-12-2020,21.095
01-01-2021,19.56
04-01-2021,20.03
05-01-2021,20.46
06-01-2021,20.995
07-01-2021,20.615
08-01-2021,20.64
11-01-2021,22.3825
12-01-2021,22.8475
13-01-2021,23.2925
14-01-2021,23.0275
15-01-2021,24.01
18-01-2021,24.395
19-01-2021,22.8975
20-01-2021,21.55
21-01-2021,22.18
22-01-2021,22.4225
25-01-2021,23.245
26-01-2021,23.245
27-01-2021,24.3925
28-01-2021,24.29
29-01-2021,25.3425
01-02-2021,23.3225
02-02-2021,23.345
03-02-2021,23.745
04-02-2021,23.1225
05-02-2021,23.415
08-02-2021,23.9575
09-02-2021,24.27
10-02-2021,23.9525
11-02-2021,23.045
12-02-2021,22.0425
15-02-2021,21.475
16-02-2021,21.78
17-02-2021,21.505
18-02-2021,21.5425
19-02-2021,22.25
22-02-2021,25.47
23-02-2021,25.2275
24-02-2021,24.1675
25-02-2021,22.8925
26-02-2021,28.1425
01-03-2021,25.625
02-03-2021,23.605
03-03-2021,22.09
04-03-2021,24.15
05-03-2021,25.56
08-03-2021,24.675
09-03-2021,22.495
10-03-2021,20.7475
11-03-2021,20.7475
12-03-2021,21.7075
15-03-2021,21.2275
16-03-2021,20.19
17-03-2021,20.1575
18-03-2021,20.08
19-03-2021,19.9875
22-03-2021,20.4925
23-03-2021,20.665
24-03-2021,22.455
25-03-2021,22.6975
26-03-2021,20.65
29-03-2021,20.65
30-03-2021,20.485
31-03-2021,20.645
01-04-2021,19.9875
02-04-2021,19.9875
